variable,count,mean,std,min,25%,50%,75%,max,original
dummy1,1000.0,-2.768405937897345e-06,0.009508901664580082,-0.0329758451008217,-0.005921577346505474,-7.57443489174392e-05,0.0058154623560806255,0.0331187586863563,0.0024340469530415
dummy2,1000.0,0.0002812025015749574,0.011194142228925475,-0.0400655920050638,-0.00719932553107225,0.00039646971015765,0.0077021078331531,0.0416335977985866,0.0108451696543312
x1,1000.0,0.11395202565898421,3.0128395739190386,-9.600559088051025,-1.8942686789698635,0.051970413749633695,2.0522020460031003,28.206107608911903,28.206107608911903
x2,1000.0,0.2211735249982227,8.12075196681528,-23.059985812071357,-4.999475994097432,0.15447683093782125,5.132288847367038,75.05118853938728,75.05118853938728
x3,1000.0,-0.02758868417271386,1.9046805534895586,-5.468321019749244,-1.2411190694093306,-0.030213812493174702,1.2263661453702297,17.753141637803267,17.753141637803267
